2025-09-03T09:32:57.4313915Z,ak_parcels,main,40
2025-09-03T10:31:55.8082911Z,medevac_runway_search,main,30
2025-09-03T11:18:10.0624752Z,regional_kmz_for_ftp,main,30
2025-09-03T14:37:09.5558168Z,ak_parcels,main,30
2025-09-03T16:38:43.8536828Z,ak_parcels,main,40
2025-09-04T09:16:54.1527433Z,ak_parcels,main,40
2025-09-04T10:32:33.3319557Z,medevac_runway_search,main,30
2025-09-04T11:17:12.7434732Z,regional_kmz_for_ftp,main,1
2025-09-05T09:24:09.5985299Z,ak_parcels,main,40
2025-09-05T10:31:48.9893238Z,medevac_runway_search,main,30
2025-09-05T11:17:25.1678874Z,regional_kmz_for_ftp,main,30
2025-09-06T09:24:24.5147542Z,ak_parcels,main,40
2025-09-06T10:31:49.8139501Z,medevac_runway_search,main,30
2025-09-06T11:17:55.0262288Z,regional_kmz_for_ftp,main,40
2025-09-07T09:22:22.4012125Z,ak_parcels,main,40
2025-09-07T10:31:50.2953185Z,medevac_runway_search,main,30
2025-09-07T11:17:35.6353569Z,regional_kmz_for_ftp,main,30
2025-09-08T09:16:42.0268948Z,ak_parcels,main,40
2025-09-08T10:31:50.4050861Z,medevac_runway_search,main,30
2025-09-08T11:17:37.7600000Z,regional_kmz_for_ftp,main,1
2025-09-09T09:17:42.5067275Z,ak_parcels,main,40
2025-09-09T10:31:50.4197371Z,medevac_runway_search,main,30
2025-09-09T11:18:00.5476835Z,regional_kmz_for_ftp,main,30
